"The Food Sermon Kitchen"|"VDz9n7gwcq51wOAbTBdXxA"|"The Island Bowl Choose Your Sauce: spicy tomato or coconut ginger. Served with plain rice or with beans over white rice, Choose either red beans or chickpeas switch to brown rice for an additional $0.50. Choose your protein:"|"Lamb"|"18.00"|"20 reviews 6 photos"
"The Food Sermon Kitchen"|"VDz9n7gwcq51wOAbTBdXxA"|"The Island Bowl Choose Your Sauce: spicy tomato or coconut ginger. Served with plain rice or with beans over white rice, Choose either red beans or chickpeas switch to brown rice for an additional $0.50. Choose your protein:"|"Chicken"|"11.00"|"19 reviews 9 photos"
"The Food Sermon Kitchen"|"VDz9n7gwcq51wOAbTBdXxA"|"The Island Bowl Choose Your Sauce: spicy tomato or coconut ginger. Served with plain rice or with beans over white rice, Choose either red beans or chickpeas switch to brown rice for an additional $0.50. Choose your protein:"|"Fish"|"13.00"|"5 reviews 1 photo"
"The Food Sermon Kitchen"|"VDz9n7gwcq51wOAbTBdXxA"|"The Island Bowl Choose Your Sauce: spicy tomato or coconut ginger. Served with plain rice or with beans over white rice, Choose either red beans or chickpeas switch to brown rice for an additional $0.50. Choose your protein:"|"Tofu"|"9.00"|"8 reviews 1 photo"
"The Food Sermon Kitchen"|"VDz9n7gwcq51wOAbTBdXxA"|"The Island Bowl Choose Your Sauce: spicy tomato or coconut ginger. Served with plain rice or with beans over white rice, Choose either red beans or chickpeas switch to brown rice for an additional $0.50. Choose your protein:"|"Veggie"|"9.50"|"2 reviews"
"The Food Sermon Kitchen"|"VDz9n7gwcq51wOAbTBdXxA"|"Featured Island Bowl The Island Bowl is a delightful fusion of flavors served w/ white or brown rice and your choice of, Chicken, Lamb, Tofu, or Salmon in a savory sea of either our spicy tomato sauce or our bold coconut ginger sauce; add chickpeas or red beans to complete your bowl"|"Chicken Island Bowl"|"11.00"|"4 reviews 2 photos"
"The Food Sermon Kitchen"|"VDz9n7gwcq51wOAbTBdXxA"|"Featured Island Bowl The Island Bowl is a delightful fusion of flavors served w/ white or brown rice and your choice of, Chicken, Lamb, Tofu, or Salmon in a savory sea of either our spicy tomato sauce or our bold coconut ginger sauce; add chickpeas or red beans to complete your bowl"|"Lamb Island Bowl"|"18.00"|"2 reviews"
"The Food Sermon Kitchen"|"VDz9n7gwcq51wOAbTBdXxA"|"The Roti Minis Choose your protein: curry chicken, stewed chicken, curry goat, curry tofu. Traditionally Rotis are eaten by breaking the Roti by hand and using it to sop up your curry or stew. Your order will also include 2 mini roti skins, chickpeas and sweet potato"|"Tofu Roti"|"7.50"|"2 reviews"
"The Food Sermon Kitchen"|"VDz9n7gwcq51wOAbTBdXxA"|"The Roti Minis Choose your protein: curry chicken, stewed chicken, curry goat, curry tofu. Traditionally Rotis are eaten by breaking the Roti by hand and using it to sop up your curry or stew. Your order will also include 2 mini roti skins, chickpeas and sweet potato"|"Curry Goat Roti"|"7.50"|"2 reviews 1 photo"
"The Food Sermon Kitchen"|"VDz9n7gwcq51wOAbTBdXxA"|"The Usual Suspects Served with plain rice or with beans over white rice. Choose either red beans or chickpeas switch to brown rice for an additional $0.50."|"Curry Chicken"|"10.00"|"4 reviews 4 photos"
"The Food Sermon Kitchen"|"VDz9n7gwcq51wOAbTBdXxA"|"The Usual Suspects Served with plain rice or with beans over white rice. Choose either red beans or chickpeas switch to brown rice for an additional $0.50."|"Stewed Chicken"|"10.00"|"6 reviews 3 photos"
"The Food Sermon Kitchen"|"VDz9n7gwcq51wOAbTBdXxA"|"The Usual Suspects Served with plain rice or with beans over white rice. Choose either red beans or chickpeas switch to brown rice for an additional $0.50."|"Curry Goat"|"12.00"|"5 reviews"
"The Food Sermon Kitchen"|"VDz9n7gwcq51wOAbTBdXxA"|"The Usual Suspects Served with plain rice or with beans over white rice. Choose either red beans or chickpeas switch to brown rice for an additional $0.50."|"Oxtail"|"12.00"|"12 reviews 1 photo"
"The Food Sermon Kitchen"|"VDz9n7gwcq51wOAbTBdXxA"|"The Usual Suspects Served with plain rice or with beans over white rice. Choose either red beans or chickpeas switch to brown rice for an additional $0.50."|"Lamb"|"18.00"|"20 reviews 6 photos"
"The Food Sermon Kitchen"|"VDz9n7gwcq51wOAbTBdXxA"|"The Usual Suspects Served with plain rice or with beans over white rice. Choose either red beans or chickpeas switch to brown rice for an additional $0.50."|"Fish"|"13.00"|"5 reviews 1 photo"
"The Food Sermon Kitchen"|"VDz9n7gwcq51wOAbTBdXxA"|"Thirst Quenches"|"Bottled Mauby"|"3.50"|"2 reviews"
"The Food Sermon Kitchen"|"VDz9n7gwcq51wOAbTBdXxA"|"Thirst Quenches"|"Bottled Sorrel"|"3.50"|""
"The Food Sermon Kitchen"|"VDz9n7gwcq51wOAbTBdXxA"|"Thirst Quenches"|"Bottle Water"|"1.00"|""
"The Food Sermon Kitchen"|"VDz9n7gwcq51wOAbTBdXxA"|"Thirst Quenches"|"Canned San Pellegrino"|"1.50"|""
"The Food Sermon Kitchen"|"VDz9n7gwcq51wOAbTBdXxA"|"Apple Kale Caesar Salad"|"Apple Kale Caesar Salad"|"10.00"|"1 review"
"The Food Sermon Kitchen"|"VDz9n7gwcq51wOAbTBdXxA"|"Extras add these to any dish to make it your own or get them just as a side"|"Sauteed Mushrooms"|"3.00"|""
"The Food Sermon Kitchen"|"VDz9n7gwcq51wOAbTBdXxA"|"Extras add these to any dish to make it your own or get them just as a side"|"Sauteed Kale"|"3.00"|""
"The Food Sermon Kitchen"|"VDz9n7gwcq51wOAbTBdXxA"|"Extras add these to any dish to make it your own or get them just as a side"|"Roasted Potatoes"|"3.00"|""
"The Food Sermon Kitchen"|"VDz9n7gwcq51wOAbTBdXxA"|"Extras add these to any dish to make it your own or get them just as a side"|"Roasted Broccoli"|"3.00"|"1 review 1 photo"
"The Food Sermon Kitchen"|"VDz9n7gwcq51wOAbTBdXxA"|"Extras add these to any dish to make it your own or get them just as a side"|"One Roti Skin"|"1.00"|"1 review 1 photo"
"The Food Sermon Kitchen"|"VDz9n7gwcq51wOAbTBdXxA"|"Extras add these to any dish to make it your own or get them just as a side"|"Red Beans"|"2.00"|"2 reviews 5 photos"
"The Food Sermon Kitchen"|"VDz9n7gwcq51wOAbTBdXxA"|"Extras add these to any dish to make it your own or get them just as a side"|"Chickpeas"|"2.00"|"10 reviews 8 photos"
"The Food Sermon Kitchen"|"VDz9n7gwcq51wOAbTBdXxA"|"Extras add these to any dish to make it your own or get them just as a side"|"Mac & Cheese"|"4.00"|"1 review"
"Raclette"|"5m-TrbqMNnwJvOd7pAt6OA"|"Raclettes Rack melted alpine cheeses over spiced oven roasted potatoes, cornichon pickles, and cured meats. Served with a rocket arugula house salad."|""|""|""
"Raclette"|"5m-TrbqMNnwJvOd7pAt6OA"|"Tartines Delicately layered open-faced sandwiches. Served with a rocket arugula house salad."|"Savoyarde"|"15.00"|"5 reviews 1 photo"
"Raclette"|"5m-TrbqMNnwJvOd7pAt6OA"|"Tartines Delicately layered open-faced sandwiches. Served with a rocket arugula house salad."|"Suisse"|"8.00"|"20 reviews 5 photos"
"Raclette"|"5m-TrbqMNnwJvOd7pAt6OA"|"Tartines Delicately layered open-faced sandwiches. Served with a rocket arugula house salad."|"Mediterranee"|"14.00"|"1 review"
"Raclette"|"5m-TrbqMNnwJvOd7pAt6OA"|"Croques Expertly prepared grilled cheese toasties. Served with a rocket arugula house salad."|"Fig"|"12.40"|"24 reviews 14 photos"
"Raclette"|"5m-TrbqMNnwJvOd7pAt6OA"|"Croques Expertly prepared grilled cheese toasties. Served with a rocket arugula house salad."|"Sardine"|"11.03"|"3 reviews 2 photos"
"Raclette"|"5m-TrbqMNnwJvOd7pAt6OA"|"Croques Expertly prepared grilled cheese toasties. Served with a rocket arugula house salad."|"Cauliflower"|"10.10"|"4 reviews 2 photos"
"Raclette"|"5m-TrbqMNnwJvOd7pAt6OA"|"Croques Expertly prepared grilled cheese toasties. Served with a rocket arugula house salad."|"Tomato"|"10.10"|"7 reviews 7 photos"
"Raclette"|"5m-TrbqMNnwJvOd7pAt6OA"|"Beverages"|"Monsieur"|"11.02"|"10 reviews 3 photos"
"Raclette"|"5m-TrbqMNnwJvOd7pAt6OA"|"Beverages"|"Havana"|"12.40"|"5 reviews 1 photo"
"Raclette"|"5m-TrbqMNnwJvOd7pAt6OA"|"Beverages"|"Americain"|"9.64"|"2 reviews 2 photos"
"Raclette"|"5m-TrbqMNnwJvOd7pAt6OA"|"Beverages"|"St Michel"|"11.03"|""
"Raclette"|"5m-TrbqMNnwJvOd7pAt6OA"|"Beverages"|"Lolotte"|"9.18"|"2 reviews"
"Patsys Pizzeria"|"xrgzB0pvsxeGEIboE6I2gg"|"Pizza All pies are 16 inches; additional toppings $3. Each whole or half pie; anchovies, fresh basil, garlic, tomatoes, black olives, sun-dried tomatoes, onions, extra cheese, roasted peppers, fresh mozzarella, sausage, ricotta, pepperoni, portobello mushrooms. Meatballs $5; grilled chicken or prosciutto $6."|"Original Coal Oven Pizza"|"17.00"|"1 review 1 photo"
"Patsys Pizzeria"|"xrgzB0pvsxeGEIboE6I2gg"|"Pizza All pies are 16 inches; additional toppings $3. Each whole or half pie; anchovies, fresh basil, garlic, tomatoes, black olives, sun-dried tomatoes, onions, extra cheese, roasted peppers, fresh mozzarella, sausage, ricotta, pepperoni, portobello mushrooms. Meatballs $5; grilled chicken or prosciutto $6."|"Margherita"|"20.00"|"13 reviews 1 photo"
"Patsys Pizzeria"|"xrgzB0pvsxeGEIboE6I2gg"|"Pizza All pies are 16 inches; additional toppings $3. Each whole or half pie; anchovies, fresh basil, garlic, tomatoes, black olives, sun-dried tomatoes, onions, extra cheese, roasted peppers, fresh mozzarella, sausage, ricotta, pepperoni, portobello mushrooms. Meatballs $5; grilled chicken or prosciutto $6."|"Caprese"|"20.00"|"1 review"
"Patsys Pizzeria"|"xrgzB0pvsxeGEIboE6I2gg"|"Pizza All pies are 16 inches; additional toppings $3. Each whole or half pie; anchovies, fresh basil, garlic, tomatoes, black olives, sun-dried tomatoes, onions, extra cheese, roasted peppers, fresh mozzarella, sausage, ricotta, pepperoni, portobello mushrooms. Meatballs $5; grilled chicken or prosciutto $6."|"Verdura"|"22.00"|"5 reviews 4 photos"
"Patsys Pizzeria"|"xrgzB0pvsxeGEIboE6I2gg"|"Pizza All pies are 16 inches; additional toppings $3. Each whole or half pie; anchovies, fresh basil, garlic, tomatoes, black olives, sun-dried tomatoes, onions, extra cheese, roasted peppers, fresh mozzarella, sausage, ricotta, pepperoni, portobello mushrooms. Meatballs $5; grilled chicken or prosciutto $6."|"Napoletana"|"22.00"|""
"Patsys Pizzeria"|"xrgzB0pvsxeGEIboE6I2gg"|"Pizza All pies are 16 inches; additional toppings $3. Each whole or half pie; anchovies, fresh basil, garlic, tomatoes, black olives, sun-dried tomatoes, onions, extra cheese, roasted peppers, fresh mozzarella, sausage, ricotta, pepperoni, portobello mushrooms. Meatballs $5; grilled chicken or prosciutto $6."|"Alla Vodka"|"18.00"|"1 review 1 photo"
"Patsys Pizzeria"|"xrgzB0pvsxeGEIboE6I2gg"|"Pizza All pies are 16 inches; additional toppings $3. Each whole or half pie; anchovies, fresh basil, garlic, tomatoes, black olives, sun-dried tomatoes, onions, extra cheese, roasted peppers, fresh mozzarella, sausage, ricotta, pepperoni, portobello mushrooms. Meatballs $5; grilled chicken or prosciutto $6."|"Bianca"|"20.00"|""
"Patsys Pizzeria"|"xrgzB0pvsxeGEIboE6I2gg"|"Pizza All pies are 16 inches; additional toppings $3. Each whole or half pie; anchovies, fresh basil, garlic, tomatoes, black olives, sun-dried tomatoes, onions, extra cheese, roasted peppers, fresh mozzarella, sausage, ricotta, pepperoni, portobello mushrooms. Meatballs $5; grilled chicken or prosciutto $6."|"Marinara"|"17.00"|"2 reviews 2 photos"
"Patsys Pizzeria"|"xrgzB0pvsxeGEIboE6I2gg"|"Pizza All pies are 16 inches; additional toppings $3. Each whole or half pie; anchovies, fresh basil, garlic, tomatoes, black olives, sun-dried tomatoes, onions, extra cheese, roasted peppers, fresh mozzarella, sausage, ricotta, pepperoni, portobello mushrooms. Meatballs $5; grilled chicken or prosciutto $6."|"Polpette"|"21.00"|""
"Patsys Pizzeria"|"xrgzB0pvsxeGEIboE6I2gg"|"Pizza All pies are 16 inches; additional toppings $3. Each whole or half pie; anchovies, fresh basil, garlic, tomatoes, black olives, sun-dried tomatoes, onions, extra cheese, roasted peppers, fresh mozzarella, sausage, ricotta, pepperoni, portobello mushrooms. Meatballs $5; grilled chicken or prosciutto $6."|"Capricciosa"|"25.00"|"3 reviews 1 photo"
"Patsys Pizzeria"|"xrgzB0pvsxeGEIboE6I2gg"|"Pizza All pies are 16 inches; additional toppings $3. Each whole or half pie; anchovies, fresh basil, garlic, tomatoes, black olives, sun-dried tomatoes, onions, extra cheese, roasted peppers, fresh mozzarella, sausage, ricotta, pepperoni, portobello mushrooms. Meatballs $5; grilled chicken or prosciutto $6."|"Macellaio"|"25.00"|"2 reviews"
"Patsys Pizzeria"|"xrgzB0pvsxeGEIboE6I2gg"|"Raw Bar"|"Clams (Little Neck)"|"7.00 12.00"|""
"Patsys Pizzeria"|"xrgzB0pvsxeGEIboE6I2gg"|"Raw Bar"|"Oysters (Blue Point)"|"14.00 24.00"|""
"Patsys Pizzeria"|"xrgzB0pvsxeGEIboE6I2gg"|"Raw Bar"|"Jumbo Shrimp Cocktail (4)"|"15.00"|""
"Patsys Pizzeria"|"xrgzB0pvsxeGEIboE6I2gg"|"Cold Antipasto For 2"|"2 Cured Meats, 2 Select Cheeses, Caponata, Olives"|"17.00"|""
"Patsys Pizzeria"|"xrgzB0pvsxeGEIboE6I2gg"|"Appetizers"|"Polipo Salad"|"12.00"|"2 reviews 1 photo"
"Patsys Pizzeria"|"xrgzB0pvsxeGEIboE6I2gg"|"Appetizers"|"Zuppa Di Mussels Marinara"|"14.00"|""
"Patsys Pizzeria"|"xrgzB0pvsxeGEIboE6I2gg"|"Appetizers"|"Baked Clams"|"8.00 14.00"|"1 review 1 photo"
"Patsys Pizzeria"|"xrgzB0pvsxeGEIboE6I2gg"|"Appetizers"|"Fried Calamari"|"11.00"|"5 reviews"
"Patsys Pizzeria"|"xrgzB0pvsxeGEIboE6I2gg"|"Appetizers"|"Baccala Fritto Cod"|"10.00"|""
"Patsys Pizzeria"|"xrgzB0pvsxeGEIboE6I2gg"|"Appetizers"|"Mozzarella in Carrozza"|"8.00"|""
"Patsys Pizzeria"|"xrgzB0pvsxeGEIboE6I2gg"|"Appetizers"|"Meatballs"|"10.00"|"4 reviews 2 photos"
"Patsys Pizzeria"|"xrgzB0pvsxeGEIboE6I2gg"|"Salads"|"Caesar"|"10.00"|"4 reviews"
"Patsys Pizzeria"|"xrgzB0pvsxeGEIboE6I2gg"|"Salads"|"Caprese"|"14.00"|"4 reviews"
"Patsys Pizzeria"|"xrgzB0pvsxeGEIboE6I2gg"|"Salads"|"Della Casa"|"10.00"|"1 review"
"Patsys Pizzeria"|"xrgzB0pvsxeGEIboE6I2gg"|"Soups"|"Soup of the Day"|"7.00"|""
"Patsys Pizzeria"|"xrgzB0pvsxeGEIboE6I2gg"|"Heroes Lunch only"|"Meatball"|"9.00"|"8 reviews 4 photos"
"Patsys Pizzeria"|"xrgzB0pvsxeGEIboE6I2gg"|"Heroes Lunch only"|"Sausage and Broccoli-Rabe"|"9.00"|""
"Patsys Pizzeria"|"xrgzB0pvsxeGEIboE6I2gg"|"Heroes Lunch only"|"Eggplant Parmigiana"|"9.00"|"1 review"
"Patsys Pizzeria"|"xrgzB0pvsxeGEIboE6I2gg"|"Heroes Lunch only"|"Chicken Parmigiana"|"9.00"|"2 reviews"
"Patsys Pizzeria"|"xrgzB0pvsxeGEIboE6I2gg"|"Pasta Pasta homemade on premises"|"Baked Homemade Lasagna"|"17.00"|""
"Patsys Pizzeria"|"xrgzB0pvsxeGEIboE6I2gg"|"Pasta Pasta homemade on premises"|"Penne Alla Vodka"|"16.00"|"2 reviews"
"Patsys Pizzeria"|"xrgzB0pvsxeGEIboE6I2gg"|"Pasta Pasta homemade on premises"|"Spaghetti and Meatballs"|"16.00"|"3 reviews 2 photos"
"Patsys Pizzeria"|"xrgzB0pvsxeGEIboE6I2gg"|"Pasta Pasta homemade on premises"|"Rigatoni Bolognese"|"18.00"|""
"Patsys Pizzeria"|"xrgzB0pvsxeGEIboE6I2gg"|"Pasta Pasta homemade on premises"|"Linguine and Clam Sauce"|"18.00"|""
"Patsys Pizzeria"|"xrgzB0pvsxeGEIboE6I2gg"|"Pasta Pasta homemade on premises"|"Fettuccine Alfredo"|"16.00"|""
"Patsys Pizzeria"|"xrgzB0pvsxeGEIboE6I2gg"|"Pasta Pasta homemade on premises"|"Spaghetti Carbonara"|"17.00"|""
"Patsys Pizzeria"|"xrgzB0pvsxeGEIboE6I2gg"|"Pasta Pasta homemade on premises"|"House Made Ricotta Gnocchi Alla Pomodoro"|"16.00"|""
"Patsys Pizzeria"|"xrgzB0pvsxeGEIboE6I2gg"|"Pasta Pasta homemade on premises"|"Scoglio Black Squid Ink Tagliatelle"|"23.00"|""
"Patsys Pizzeria"|"xrgzB0pvsxeGEIboE6I2gg"|"Entrees Served with vegetable & roasted potato"|"Eggplant Parmigiana"|"16.00"|"1 review"
"Patsys Pizzeria"|"xrgzB0pvsxeGEIboE6I2gg"|"Entrees Served with vegetable & roasted potato"|"Chicken Parmigiana"|"17.00"|"2 reviews"
"Patsys Pizzeria"|"xrgzB0pvsxeGEIboE6I2gg"|"Entrees Served with vegetable & roasted potato"|"Chicken Marsala"|"17.00"|"1 review"
"Patsys Pizzeria"|"xrgzB0pvsxeGEIboE6I2gg"|"Entrees Served with vegetable & roasted potato"|"Chicken Cardinale"|"17.00"|"2 reviews"
"Patsys Pizzeria"|"xrgzB0pvsxeGEIboE6I2gg"|"Entrees Served with vegetable & roasted potato"|"Chicken Al Limone"|"17.00"|""
"Patsys Pizzeria"|"xrgzB0pvsxeGEIboE6I2gg"|"Entrees Served with vegetable & roasted potato"|"Veal Parmigiana"|"24.00"|""
"Patsys Pizzeria"|"xrgzB0pvsxeGEIboE6I2gg"|"Entrees Served with vegetable & roasted potato"|"Veal Sorrentino"|"24.00"|"1 review"
"Patsys Pizzeria"|"xrgzB0pvsxeGEIboE6I2gg"|"Entrees Served with vegetable & roasted potato"|"Veal Milanese"|"24.00"|""
"Patsys Pizzeria"|"xrgzB0pvsxeGEIboE6I2gg"|"Entrees Served with vegetable & roasted potato"|"Pan Roasted Atlantic Salmon"|"19.00"|""
"Patsys Pizzeria"|"xrgzB0pvsxeGEIboE6I2gg"|"Entrees Served with vegetable & roasted potato"|"Merluzzo Alla Ghiotta"|"20.00"|""
"Patsys Pizzeria"|"xrgzB0pvsxeGEIboE6I2gg"|"Sides"|"Zucchini Sticks"|"8.00"|""
"Patsys Pizzeria"|"xrgzB0pvsxeGEIboE6I2gg"|"Sides"|"Broccoli Rabe"|"9.00"|""
"Patsys Pizzeria"|"xrgzB0pvsxeGEIboE6I2gg"|"Sides"|"Supli"|"8.00"|""
"Gotham Bar and Grill"|"_gzXNKarTxagBp6_PkmQKw"|"First"|"House Smoked Salmon"|"20.00"|"1 review"
"Gotham Bar and Grill"|"_gzXNKarTxagBp6_PkmQKw"|"First"|"Striped Bass Ceviche"|"21.00"|"21 reviews 8 photos"
"Gotham Bar and Grill"|"_gzXNKarTxagBp6_PkmQKw"|"First"|"PETROSIAN CAVIAR SELECTIONS 30g"|"100.00 130.00 325.00"|""
"Gotham Bar and Grill"|"_gzXNKarTxagBp6_PkmQKw"|"First"|"Yellowfin Tuna Tartare"|"22.00"|"20 reviews 11 photos"
"Gotham Bar and Grill"|"_gzXNKarTxagBp6_PkmQKw"|"Second"|"Label Rouge Chicken And Foie Gras Terrine"|"24.00"|"6 reviews 4 photos"
"Gotham Bar and Grill"|"_gzXNKarTxagBp6_PkmQKw"|"Second"|"Roasted Beet And Goat Cheese Salad"|"18.00"|"4 reviews"
"Gotham Bar and Grill"|"_gzXNKarTxagBp6_PkmQKw"|"Second"|"CHILLED CORN SOUP"|"18.00"|"10 reviews 3 photos"
"Gotham Bar and Grill"|"_gzXNKarTxagBp6_PkmQKw"|"Second"|"Gotham Risotto"|"25.00"|"4 reviews 1 photo"
"Gotham Bar and Grill"|"_gzXNKarTxagBp6_PkmQKw"|"Second"|"Fresh Tagliatelle"|"26.00"|"1 review"
"Gotham Bar and Grill"|"_gzXNKarTxagBp6_PkmQKw"|"Second"|"Seafood Salad"|"22.00"|"87 reviews 23 photos"
"Gotham Bar and Grill"|"_gzXNKarTxagBp6_PkmQKw"|"Second"|"Seared Hudson Valley Foie Gras"|"29.00"|"6 reviews 1 photo"
"Gotham Bar and Grill"|"_gzXNKarTxagBp6_PkmQKw"|"Third"|"Grilled Branzino"|"36.00"|"5 reviews"
"Gotham Bar and Grill"|"_gzXNKarTxagBp6_PkmQKw"|"Third"|"Whole Roasted Maine Lobster"|"49.00"|"4 reviews 1 photo"
"Gotham Bar and Grill"|"_gzXNKarTxagBp6_PkmQKw"|"Third"|"Miso Marinated Black Cod"|"39.00"|"35 reviews 9 photos"
"Gotham Bar and Grill"|"_gzXNKarTxagBp6_PkmQKw"|"Third"|"Free Range Chicken"|"34.00"|"7 reviews 1 photo"
"Gotham Bar and Grill"|"_gzXNKarTxagBp6_PkmQKw"|"Third"|"Roasted Muscovy Duck"|"39.00"|"12 reviews 3 photos"
"Gotham Bar and Grill"|"_gzXNKarTxagBp6_PkmQKw"|"Third"|"Berkshire Pork Chop"|"38.00"|"3 reviews 2 photos"
"Gotham Bar and Grill"|"_gzXNKarTxagBp6_PkmQKw"|"Third"|"28 Day Dry Aged New York Steak"|"48.00"|"20 reviews 5 photos"
"Gotham Bar and Grill"|"_gzXNKarTxagBp6_PkmQKw"|"Third"|"Grilled Rack Of Lamb"|"49.00"|"45 reviews 8 photos"
"Gotham Bar and Grill"|"_gzXNKarTxagBp6_PkmQKw"|"Desserts"|"Gotham Black Forest"|"14.00"|"4 reviews 1 photo"
"Gotham Bar and Grill"|"_gzXNKarTxagBp6_PkmQKw"|"Desserts"|"Peach Chiboust"|"14.00"|"2 reviews"
"Gotham Bar and Grill"|"_gzXNKarTxagBp6_PkmQKw"|"Desserts"|"Strawberry Parfait"|"14.00"|"2 reviews 1 photo"
"Gotham Bar and Grill"|"_gzXNKarTxagBp6_PkmQKw"|"Desserts"|"Blueberry Cremeux"|"13.00"|"8 reviews 5 photos"
"Gotham Bar and Grill"|"_gzXNKarTxagBp6_PkmQKw"|"Desserts"|"Raspberry Souffle"|"18.00"|"3 reviews 2 photos"
"Gotham Bar and Grill"|"_gzXNKarTxagBp6_PkmQKw"|"Desserts"|"Gotham Chocolate Cake"|"13.00"|"96 reviews 40 photos"
"Gotham Bar and Grill"|"_gzXNKarTxagBp6_PkmQKw"|"Desserts"|"Ice Creams And Sorbets"|"12.00"|"1 review"
"Gotham Bar and Grill"|"_gzXNKarTxagBp6_PkmQKw"|"Desserts"|"Chefs Selection Artisanal Cheese"|"15.00"|""
"Ringolevio"|"TS2mqGtNhOzMKcSqJvrBPg"|"Popular Items"|"Handmade Tagliatelle Bolognese"|"12.00"|""
"Ringolevio"|"TS2mqGtNhOzMKcSqJvrBPg"|"Popular Items"|"Meat Lasagna"|"11.00"|"6 reviews 1 photo"
"Ringolevio"|"TS2mqGtNhOzMKcSqJvrBPg"|"Popular Items"|"Grilled Fillet of Salmon"|"16.00"|""
"Ringolevio"|"TS2mqGtNhOzMKcSqJvrBPg"|"Popular Items"|"Trio of Grass Fed Beef Burgers"|"9.00"|"1 review"
"Ringolevio"|"TS2mqGtNhOzMKcSqJvrBPg"|"Popular Items"|"Rosemary Skewered Lamb Kabob"|"15.00"|"1 review"
"Prince St. Pizza"|"zj8Lq1T8KIC5zwFief15jg"|"Beverages"|"20 oz. Soda"|"2.00"|""
"Prince St. Pizza"|"zj8Lq1T8KIC5zwFief15jg"|"Beverages"|"Bottled Water"|"2.00"|"3 reviews"
"Prince St. Pizza"|"zj8Lq1T8KIC5zwFief15jg"|"Munchables"|"Stuffed Prosciutto Balls"|"1.25"|"6 reviews"
"Prince St. Pizza"|"zj8Lq1T8KIC5zwFief15jg"|"Munchables"|"Neapolitan Rice Balls"|"1.25"|"4 reviews 1 photo"
"Prince St. Pizza"|"zj8Lq1T8KIC5zwFief15jg"|"Munchables"|"Sicilian Rice Balls with Beef and Peas"|"1.25"|"1 review"
"Prince St. Pizza"|"zj8Lq1T8KIC5zwFief15jg"|"Sauces"|"House Marinara Sauce"|"0.75"|""
"Prince St. Pizza"|"zj8Lq1T8KIC5zwFief15jg"|"Sauces"|"Alfredo Sauce"|"0.99"|""
"Prince St. Pizza"|"zj8Lq1T8KIC5zwFief15jg"|"Sauces"|"Sweet Chill Sauce"|"0.75"|""
"Prince St. Pizza"|"zj8Lq1T8KIC5zwFief15jg"|"Sauces"|"Vodka Sauce"|"0.75"|"4 reviews"
"Prince St. Pizza"|"zj8Lq1T8KIC5zwFief15jg"|"Sauces"|"Fra Diavolo Sauce"|"0.75"|"4 reviews"
"Prince St. Pizza"|"zj8Lq1T8KIC5zwFief15jg"|"Fried Calzones"|"Humble Ham Calzone"|"7.00"|""
"Prince St. Pizza"|"zj8Lq1T8KIC5zwFief15jg"|"Fried Calzones"|"Cheese Calzone"|"6.00"|""
"Prince St. Pizza"|"zj8Lq1T8KIC5zwFief15jg"|"Fried Calzones"|"Paulie's Pepperoni Calzone"|"7.00"|""
"Prince St. Pizza"|"zj8Lq1T8KIC5zwFief15jg"|"Neapolitan Style Pizzas (Round)"|"The Original Prince Pizza Slice"|"2.95"|""
"Prince St. Pizza"|"zj8Lq1T8KIC5zwFief15jg"|"Neapolitan Style Pizzas (Round)"|"The Fancy Prince Pizza Slice"|"3.50"|""
"Prince St. Pizza"|"zj8Lq1T8KIC5zwFief15jg"|"Neapolitan Style Pizzas (Round)"|"Boozy Broome Pizza Slice"|"3.50"|""
"Prince St. Pizza"|"zj8Lq1T8KIC5zwFief15jg"|"Neapolitan Style Pizzas (Round)"|"Greene Machine Pizza Slice"|"3.75"|""
"Prince St. Pizza"|"zj8Lq1T8KIC5zwFief15jg"|"Neapolitan Style Pizzas (Round)"|"The Original Prince Pizza"|"18.00"|""
"Prince St. Pizza"|"zj8Lq1T8KIC5zwFief15jg"|"Neapolitan Style Pizzas (Round)"|"The Fancy Prince Pizza"|"22.00"|""
"Prince St. Pizza"|"zj8Lq1T8KIC5zwFief15jg"|"Neapolitan Style Pizzas (Round)"|"Boozy Broome Pizza"|"24.00"|""
"Prince St. Pizza"|"zj8Lq1T8KIC5zwFief15jg"|"Neapolitan Style Pizzas (Round)"|"Greene Machine Pizza"|"26.00"|"1 review"
"Prince St. Pizza"|"zj8Lq1T8KIC5zwFief15jg"|"The Original Soho Squares"|"Prince Perfection Pie"|""|"13 reviews 1 photo"
"Prince St. Pizza"|"zj8Lq1T8KIC5zwFief15jg"|"The Original Soho Squares"|"Broadway Breadcrumb Pie (Cheeseless)"|""|"7 reviews 1 photo"
"Prince St. Pizza"|"zj8Lq1T8KIC5zwFief15jg"|"The Original Soho Squares"|"Mercer Margherita Pie -thin Crust"|""|"4 reviews 3 photos"
"Prince St. Pizza"|"zj8Lq1T8KIC5zwFief15jg"|"The Original Soho Squares"|"Spicy Spring Pie"|""|"47 reviews 26 photos"
"The Boil"|"tiSw-6DIm3-mMORyEIOVyg"|"Appetizers *All baskets come with cajun fries"|"Bbq Shrimp basket*"|"12.00"|"2 reviews 3 photos"
"The Boil"|"tiSw-6DIm3-mMORyEIOVyg"|"Appetizers *All baskets come with cajun fries"|"Catfish basket*"|"12.00"|"47 reviews 9 photos"
"The Boil"|"tiSw-6DIm3-mMORyEIOVyg"|"Appetizers *All baskets come with cajun fries"|"Chicken Fingers basket*"|"10.00"|"3 reviews"
"The Boil"|"tiSw-6DIm3-mMORyEIOVyg"|"Appetizers *All baskets come with cajun fries"|"Soft Shell Crabs basket*"|"10.00"|"15 reviews 2 photos"
"The Boil"|"tiSw-6DIm3-mMORyEIOVyg"|"Appetizers *All baskets come with cajun fries"|"Crab Cake"|"10.00"|"34 reviews 9 photos"
"The Boil"|"tiSw-6DIm3-mMORyEIOVyg"|"Appetizers *All baskets come with cajun fries"|"Cheeseburger Sliders (3)"|"12.00"|""
"The Boil"|"tiSw-6DIm3-mMORyEIOVyg"|"Appetizers *All baskets come with cajun fries"|"Catfish Sliders (3)"|"12.00"|"7 reviews 4 photos"
"The Boil"|"tiSw-6DIm3-mMORyEIOVyg"|"Appetizers *All baskets come with cajun fries"|"Oyster Sliders (3)"|"12.00"|"63 reviews 19 photos"
"The Boil"|"tiSw-6DIm3-mMORyEIOVyg"|"Appetizers *All baskets come with cajun fries"|"Sausage Sliders (3)"|"11.00"|""
"The Boil"|"tiSw-6DIm3-mMORyEIOVyg"|"Appetizers *All baskets come with cajun fries"|"Wings (6) Cajun or Southern Fried"|"8.00"|""
"The Boil"|"tiSw-6DIm3-mMORyEIOVyg"|"Appetizers *All baskets come with cajun fries"|"Fried Calamari"|"13.00"|"8 reviews 3 photos"
"The Boil"|"tiSw-6DIm3-mMORyEIOVyg"|"Appetizers *All baskets come with cajun fries"|"Mac n Cheese"|"6.00"|"30 reviews 7 photos"
"The Boil"|"tiSw-6DIm3-mMORyEIOVyg"|"Appetizers *All baskets come with cajun fries"|"Cajun Fries"|"5.00"|"112 reviews 16 photos"
"The Boil"|"tiSw-6DIm3-mMORyEIOVyg"|"Appetizers *All baskets come with cajun fries"|"Papaya Mango Salad"|"8.00"|"7 reviews 2 photos"
"The Boil"|"tiSw-6DIm3-mMORyEIOVyg"|"Appetizers *All baskets come with cajun fries"|"Lobster roll"|"18.00"|"19 reviews 7 photos"
"The Boil"|"tiSw-6DIm3-mMORyEIOVyg"|"Appetizers *All baskets come with cajun fries"|"Crab roll"|"12.00"|"5 reviews"
"The Boil"|"tiSw-6DIm3-mMORyEIOVyg"|"Appetizers *All baskets come with cajun fries"|"Shrimp roll"|"12.00"|"1 review 2 photos"
"The Boil"|"tiSw-6DIm3-mMORyEIOVyg"|"Appetizers *All baskets come with cajun fries"|"Gumbo"|"8.00"|"27 reviews 15 photos"
"The Boil"|"tiSw-6DIm3-mMORyEIOVyg"|"Raw Bar"|"Oysters (6)"|"12.00"|""
"The Boil"|"tiSw-6DIm3-mMORyEIOVyg"|"Raw Bar"|"Littlenecks Clams (6)"|"10.00"|""
"The Boil"|"tiSw-6DIm3-mMORyEIOVyg"|"Raw Bar"|"Shrimp Cocktail (6)"|"10.00"|""
"The Boil"|"tiSw-6DIm3-mMORyEIOVyg"|"Raw Bar"|"Chilled Lobster"|"30.00"|"2 reviews"
"The Boil"|"tiSw-6DIm3-mMORyEIOVyg"|"Raw Bar"|"Chilled Dungeness Crab"|"35.00"|""
"The Boil"|"tiSw-6DIm3-mMORyEIOVyg"|"Main"|"Crawfish (seasonal)"|"13.00"|""
"The Boil"|"tiSw-6DIm3-mMORyEIOVyg"|"Main"|"Dungeness Crab (seasonal)"|"35.00"|""
"The Boil"|"tiSw-6DIm3-mMORyEIOVyg"|"Main"|"King Crab Legs (seasonal)"|"35.00"|"81 reviews 15 photos"
"The Boil"|"tiSw-6DIm3-mMORyEIOVyg"|"Main"|"Snow Crab Legs (seasonal)"|"18.00"|"74 reviews 27 photos"
"The Boil"|"tiSw-6DIm3-mMORyEIOVyg"|"Main"|"Lobster"|"30.00"|"194 reviews 47 photos"
"The Boil"|"tiSw-6DIm3-mMORyEIOVyg"|"Main"|"Shrimp"|"13.00"|"545 reviews 147 photos"
"The Boil"|"tiSw-6DIm3-mMORyEIOVyg"|"Main"|"Clams"|"13.00"|"133 reviews 29 photos"
"The Boil"|"tiSw-6DIm3-mMORyEIOVyg"|"Sides"|"Brussel Sprouts"|"8.00"|"13 reviews 2 photos"
"The Boil"|"tiSw-6DIm3-mMORyEIOVyg"|"Sides"|"Corn"|"3.00"|"226 reviews 21 photos"
"The Boil"|"tiSw-6DIm3-mMORyEIOVyg"|"Sides"|"Potatoes"|"3.00"|"145 reviews 14 photos"
"The Boil"|"tiSw-6DIm3-mMORyEIOVyg"|"Sides"|"Sausages"|"5.00"|"34 reviews 1 photo"
"The Boil"|"tiSw-6DIm3-mMORyEIOVyg"|"Sides"|"Steamed Rice"|"3.00"|"1 review"
"The Boil"|"tiSw-6DIm3-mMORyEIOVyg"|"Sides"|"Vermicelli"|"3.00"|"15 reviews 2 photos"
"The Boil"|"tiSw-6DIm3-mMORyEIOVyg"|"Sides"|"Bread"|"3.00"|"56 reviews 2 photos"
"The Boil"|"tiSw-6DIm3-mMORyEIOVyg"|"Sides"|"Extra Sauce"|"1.00"|"6 reviews"
"The Boil"|"tiSw-6DIm3-mMORyEIOVyg"|"Desserts"|"Creme Caramel"|"5.00"|"5 reviews 1 photo"
"The Boil"|"tiSw-6DIm3-mMORyEIOVyg"|"Desserts"|"Creme Chocolate"|"5.00"|"3 reviews"
"The Boil"|"tiSw-6DIm3-mMORyEIOVyg"|"Combos All combos come with potatoes & corn. 1 corn, 1 potato added for every 2 lb order same item"|"1 lb Crawfish & 1 lb Shrimp"|"25.00"|"17 reviews 8 photos"
"The Boil"|"tiSw-6DIm3-mMORyEIOVyg"|"Combos All combos come with potatoes & corn. 1 corn, 1 potato added for every 2 lb order same item"|"1 1/2 lb Lobster & 1/2 lb Crawfish"|"40.00"|"3 reviews 1 photo"
"The Boil"|"tiSw-6DIm3-mMORyEIOVyg"|"Combos All combos come with potatoes & corn. 1 corn, 1 potato added for every 2 lb order same item"|"1 1/2 lb Dungeness Cab & 1/2 lb Crawfish"|"45.00"|"5 reviews 2 photos"
"The Boil"|"tiSw-6DIm3-mMORyEIOVyg"|"Step 2 Pick a sauce"|"Dry (No sauce)"|""|"1 review"
"The Boil"|"tiSw-6DIm3-mMORyEIOVyg"|"Step 2 Pick a sauce"|"Garlic Butter"|""|"154 reviews 31 photos"
"The Boil"|"tiSw-6DIm3-mMORyEIOVyg"|"Step 2 Pick a sauce"|"O'Bay"|""|"24 reviews 3 photos"
"The Boil"|"tiSw-6DIm3-mMORyEIOVyg"|"Step 2 Pick a sauce"|"Lemon Pepper"|""|"78 reviews 8 photos"
"The Boil"|"tiSw-6DIm3-mMORyEIOVyg"|"Step 3 Pick a level"|"Mild"|""|"91 reviews 7 photos"
"The Boil"|"tiSw-6DIm3-mMORyEIOVyg"|"Step 3 Pick a level"|"Medium"|""|"89 reviews 5 photos"
"The Boil"|"tiSw-6DIm3-mMORyEIOVyg"|"Step 3 Pick a level"|"Spicy"|""|"246 reviews 21 photos"
"The Boil"|"tiSw-6DIm3-mMORyEIOVyg"|"Step 3 Pick a level"|"Fire"|""|"46 reviews 2 photos"
"Mamoun’s Falafel"|"L-IuiVoFMDSw2K6OAciP1g"|"Vegetarian Dishes - Falafel A Chick Pea Mixture Of Onions, Parsley, Garlic And Spices Deep Fried"|"Sandwich"|""|"641 reviews 38 photos"
"Mamoun’s Falafel"|"L-IuiVoFMDSw2K6OAciP1g"|"Vegetarian Dishes - Falafel A Chick Pea Mixture Of Onions, Parsley, Garlic And Spices Deep Fried"|"Plate"|""|"73 reviews 15 photos"
"Mamoun’s Falafel"|"L-IuiVoFMDSw2K6OAciP1g"|"Vegetarian Dishes - Hummus A Chick Pea Puree With Garlic, Lemon And Tahini"|"Sandwich"|""|"641 reviews 38 photos"
"Mamoun’s Falafel"|"L-IuiVoFMDSw2K6OAciP1g"|"Vegetarian Dishes - Hummus A Chick Pea Puree With Garlic, Lemon And Tahini"|"Plate"|""|"73 reviews 15 photos"
"Mamoun’s Falafel"|"L-IuiVoFMDSw2K6OAciP1g"|"Vegetarian Dishes - Baba Ganouj Roasted Eggplant With Parsley, Garlic And Tahini"|"Sandwich"|""|"641 reviews 38 photos"
"Mamoun’s Falafel"|"L-IuiVoFMDSw2K6OAciP1g"|"Vegetarian Dishes - Baba Ganouj Roasted Eggplant With Parsley, Garlic And Tahini"|"Plate"|""|"73 reviews 15 photos"
"Mamoun’s Falafel"|"L-IuiVoFMDSw2K6OAciP1g"|"Vegetarian Dishes - Tabouleh A Bulgur Wheat Salad With Finely Chopped Mint, Parsley And Onions"|"Sandwich"|""|"641 reviews 38 photos"
"Mamoun’s Falafel"|"L-IuiVoFMDSw2K6OAciP1g"|"Vegetarian Dishes - Tabouleh A Bulgur Wheat Salad With Finely Chopped Mint, Parsley And Onions"|"Plate"|""|"73 reviews 15 photos"
"Mamoun’s Falafel"|"L-IuiVoFMDSw2K6OAciP1g"|"Meat Dishes - Shawarma Lamb Or Chicken Seasoned With Our Own Blend Of Spices Cooked Slowly On A Stand Up Rotisserie"|"Sandwich"|""|"641 reviews 38 photos"
"Mamoun’s Falafel"|"L-IuiVoFMDSw2K6OAciP1g"|"Meat Dishes - Shawarma Lamb Or Chicken Seasoned With Our Own Blend Of Spices Cooked Slowly On A Stand Up Rotisserie"|"Plate"|""|"73 reviews 15 photos"
"Mamoun’s Falafel"|"L-IuiVoFMDSw2K6OAciP1g"|"Meat Dishes - Chicken Kebob Marinated Cubes Of Chicken Breast Skewered And Grilled"|"Sandwich"|""|"641 reviews 38 photos"
"Mamoun’s Falafel"|"L-IuiVoFMDSw2K6OAciP1g"|"Meat Dishes - Chicken Kebob Marinated Cubes Of Chicken Breast Skewered And Grilled"|"Plate"|""|"73 reviews 15 photos"
"Mamoun’s Falafel"|"L-IuiVoFMDSw2K6OAciP1g"|"Meat Dishes - Shish Kebob Seasoned Cubes Of Lamb Skewered And Grilled"|"Sandwich"|""|"641 reviews 38 photos"
"Mamoun’s Falafel"|"L-IuiVoFMDSw2K6OAciP1g"|"Meat Dishes - Shish Kebob Seasoned Cubes Of Lamb Skewered And Grilled"|"Plate"|""|"73 reviews 15 photos"
"Mamoun’s Falafel"|"L-IuiVoFMDSw2K6OAciP1g"|"Meat Dishes - Kefta Kebob Seasoned Lamb With Onions And Parsley Ground Into A Patty And Grilled"|"Sandwich"|""|"641 reviews 38 photos"
"Mamoun’s Falafel"|"L-IuiVoFMDSw2K6OAciP1g"|"Meat Dishes - Kefta Kebob Seasoned Lamb With Onions And Parsley Ground Into A Patty And Grilled"|"Plate"|""|"73 reviews 15 photos"
"Mamoun’s Falafel"|"L-IuiVoFMDSw2K6OAciP1g"|"Special Combos - Lentil Soup"|"Lentil Soup"|""|"52 reviews 1 photo"
"Mamoun’s Falafel"|"L-IuiVoFMDSw2K6OAciP1g"|"Special Combos - Combo With Meat"|"Sandwich"|""|"641 reviews 38 photos"
"Mamoun’s Falafel"|"L-IuiVoFMDSw2K6OAciP1g"|"Special Combos - Combo With Meat"|"Plate"|""|"73 reviews 15 photos"
"Mamoun’s Falafel"|"L-IuiVoFMDSw2K6OAciP1g"|"Special Combos - Spinach Pie"|"Spinach Pie"|""|"22 reviews"
"Mamoun’s Falafel"|"L-IuiVoFMDSw2K6OAciP1g"|"Special Combos - Vegetarian Combo"|"Sandwich"|""|"641 reviews 38 photos"
"Mamoun’s Falafel"|"L-IuiVoFMDSw2K6OAciP1g"|"Special Combos - Vegetarian Combo"|"Plate"|""|"73 reviews 15 photos"
"Mamoun’s Falafel"|"L-IuiVoFMDSw2K6OAciP1g"|"Special Combos - Sides"|"Grape Leaves"|""|"21 reviews 2 photos"
"Mamoun’s Falafel"|"L-IuiVoFMDSw2K6OAciP1g"|"Special Combos - Sides"|"Falafel"|""|""
"Mamoun’s Falafel"|"L-IuiVoFMDSw2K6OAciP1g"|"Special Combos - Sides"|"Hummus"|""|"217 reviews 8 photos"
"Mamoun’s Falafel"|"L-IuiVoFMDSw2K6OAciP1g"|"Special Combos - Sides"|"Baba Ganouj"|""|"17 reviews 3 photos"
"Mamoun’s Falafel"|"L-IuiVoFMDSw2K6OAciP1g"|"Special Combos - Sides"|"Tabouleh"|""|"15 reviews"
"Mamoun’s Falafel"|"L-IuiVoFMDSw2K6OAciP1g"|"Special Combos - Pastries"|"Baklava"|""|"78 reviews 3 photos"
"Mamoun’s Falafel"|"L-IuiVoFMDSw2K6OAciP1g"|"Special Combos - Pastries"|"Mabrumeh"|""|"6 reviews"
"Mamoun’s Falafel"|"L-IuiVoFMDSw2K6OAciP1g"|"Special Combos - Pastries"|"Knafe"|""|"2 reviews"
