"Traif"|"qLLxS7RwNEjP_jq_KQrPfA"|"Main"|"Baby Spinach"|"7.00"|"2 reviews 1 photo"
"Traif"|"qLLxS7RwNEjP_jq_KQrPfA"|"Main"|"Blackberries"|"7.00"|"13 reviews 2 photos"
"Traif"|"qLLxS7RwNEjP_jq_KQrPfA"|"Main"|"Asparagus"|"8.00"|"37 reviews 18 photos"
"Traif"|"qLLxS7RwNEjP_jq_KQrPfA"|"Main"|"Spicy"|"9.00"|"170 reviews 39 photos"
"Traif"|"qLLxS7RwNEjP_jq_KQrPfA"|"Main"|"Joes Chopped Chicken Livers"|"8.00"|"7 reviews 3 photos"
"Traif"|"qLLxS7RwNEjP_jq_KQrPfA"|"Main"|"Blistered Shishito Peppers"|"8.00"|"3 reviews 1 photo"
"Traif"|"qLLxS7RwNEjP_jq_KQrPfA"|"Main"|"Bacon-wrapped Blue Cheese"|"8.00"|"27 reviews 5 photos"
"Traif"|"qLLxS7RwNEjP_jq_KQrPfA"|"Main"|"Fricassee Of Escargot"|"10.00"|"1 review 1 photo"
"Traif"|"qLLxS7RwNEjP_jq_KQrPfA"|"Main"|"Berkshire Pork Belly"|"11.00"|"19 reviews 6 photos"
"Traif"|"qLLxS7RwNEjP_jq_KQrPfA"|"Main"|"Baked Muenster Cheese"|"9.00"|"54 reviews 13 photos"
"Traif"|"qLLxS7RwNEjP_jq_KQrPfA"|"Main"|"Glazed-confit Chicken Wings"|"9.00"|"14 reviews 4 photos"
"Traif"|"qLLxS7RwNEjP_jq_KQrPfA"|"Main"|"Strawberry"|"10.00"|"295 reviews 64 photos"
"Traif"|"qLLxS7RwNEjP_jq_KQrPfA"|"Main"|"Bbq"|"9.00"|"116 reviews 19 photos"
"Traif"|"qLLxS7RwNEjP_jq_KQrPfA"|"Main"|"Sauteed Broccoli Rabe"|"12.00"|"41 reviews 5 photos"
"Traif"|"qLLxS7RwNEjP_jq_KQrPfA"|"Main"|"Bellflower Pasta"|"14.00"|"8 reviews 2 photos"
"Traif"|"qLLxS7RwNEjP_jq_KQrPfA"|"Main"|"Crispy Soft Shell Crabs"|"22.00"|"23 reviews 4 photos"
"Traif"|"qLLxS7RwNEjP_jq_KQrPfA"|"Main"|"Dayboat Scallops"|"17.00"|"27 reviews 13 photos"
"Traif"|"qLLxS7RwNEjP_jq_KQrPfA"|"Main"|"Icy Blue Mussels"|"15.00"|"7 reviews 3 photos"
"Traif"|"qLLxS7RwNEjP_jq_KQrPfA"|"Main"|"Sauteed Veal Sweetbreads"|"17.00"|"4 reviews 1 photo"
"Traif"|"qLLxS7RwNEjP_jq_KQrPfA"|"Main"|"Moulard Duck Confit"|"23.00"|"2 reviews"
"Traif"|"qLLxS7RwNEjP_jq_KQrPfA"|"Main"|"Seared Foie"|"18.00"|"61 reviews 21 photos"
"Traif"|"qLLxS7RwNEjP_jq_KQrPfA"|"Cheese"|"3 Cheese Plate"|"9.00"|""
"Traif"|"qLLxS7RwNEjP_jq_KQrPfA"|"Desserts"|"Bacon Doughnuts"|"7.00"|"266 reviews 49 photos"
"Traif"|"qLLxS7RwNEjP_jq_KQrPfA"|"Desserts"|"Dulche De Leche"|"7.00"|"11 reviews 4 photos"
"Traif"|"qLLxS7RwNEjP_jq_KQrPfA"|"Desserts"|"Coffee Ice Cream"|"7.00"|"170 reviews 46 photos"
"Traif"|"qLLxS7RwNEjP_jq_KQrPfA"|"Desserts"|"Moms Key Lime Pie"|"7.00"|"88 reviews 21 photos"
"Traif"|"qLLxS7RwNEjP_jq_KQrPfA"|"Desserts"|"Graham Crust"|"7.00"|"3 reviews 2 photos"
"Traif"|"qLLxS7RwNEjP_jq_KQrPfA"|"Desserts"|"Pineapple"|"7.00"|"92 reviews 31 photos"
"Traif"|"qLLxS7RwNEjP_jq_KQrPfA"|"Desserts"|"Pistachio Cake"|"7.00"|"1 review"
"Traif"|"qLLxS7RwNEjP_jq_KQrPfA"|"Desserts"|"Green Tea Ice Cream"|"7.00"|""
"Traif"|"qLLxS7RwNEjP_jq_KQrPfA"|"Desserts"|"Blackberries"|"7.00"|"13 reviews 2 photos"
"Traif"|"qLLxS7RwNEjP_jq_KQrPfA"|"Desserts"|"Vanilla Panna Cotta"|"7.00"|"8 reviews 1 photo"
"Traif"|"qLLxS7RwNEjP_jq_KQrPfA"|"Desserts"|"Strawberry"|"7.00"|"296 reviews 64 photos"
"Traif"|"qLLxS7RwNEjP_jq_KQrPfA"|"Desserts"|"Kiwi"|"7.00"|"6 reviews 1 photo"
"Traif"|"qLLxS7RwNEjP_jq_KQrPfA"|"Desserts"|"Rhubarb"|"7.00"|"7 reviews 4 photos"
"Amélie"|"ETgJqJHV7BW6pIr9Ox74sA"|"Fromages & charcuteries Cheese plate One Cheese or Choice of 3 Cheeses"|"Hooligan"|""|"1 review"
"Amélie"|"ETgJqJHV7BW6pIr9Ox74sA"|"Fromages & charcuteries Cheese plate One Cheese or Choice of 3 Cheeses"|"Timberdoodle"|""|"1 review"
"Amélie"|"ETgJqJHV7BW6pIr9Ox74sA"|"Fromages & charcuteries Cheese plate One Cheese or Choice of 3 Cheeses"|"Hudson Red"|""|"1 review 1 photo"
"Amélie"|"ETgJqJHV7BW6pIr9Ox74sA"|"Fromages & charcuteries Cheese plate One Cheese or Choice of 3 Cheeses"|"Humbolt Fog"|""|"2 reviews"
"Amélie"|"ETgJqJHV7BW6pIr9Ox74sA"|"Fromages & charcuteries Cheese plate One Cheese or Choice of 3 Cheeses"|"Pont, Eveque"|""|""
"Amélie"|"ETgJqJHV7BW6pIr9Ox74sA"|"Fromages & charcuteries Cheese plate One Cheese or Choice of 3 Cheeses"|"Manchego"|""|"6 reviews 1 photo"
"Amélie"|"ETgJqJHV7BW6pIr9Ox74sA"|"Fromages & charcuteries Cheese plate One Cheese or Choice of 3 Cheeses"|"Cabot Clothbound Cheddar"|""|""
"Amélie"|"ETgJqJHV7BW6pIr9Ox74sA"|"Fromages & charcuteries Cheese plate One Cheese or Choice of 3 Cheeses"|"Camembert"|""|"4 reviews 3 photos"
"Amélie"|"ETgJqJHV7BW6pIr9Ox74sA"|"Fromages & charcuteries Cheese plate One Cheese or Choice of 3 Cheeses"|"Bleu d'Auvergne"|""|"3 reviews"
"Amélie"|"ETgJqJHV7BW6pIr9Ox74sA"|"Fromages & charcuteries Cheese plate One Cheese or Choice of 3 Cheeses"|"Brillat savarin"|""|"2 reviews"
"Amélie"|"ETgJqJHV7BW6pIr9Ox74sA"|"Fromages & charcuteries Cheese plate One Cheese or Choice of 3 Cheeses"|"Tte De Moine"|""|""
"Amélie"|"ETgJqJHV7BW6pIr9Ox74sA"|"Fromages & charcuteries Cheese plate One Cheese or Choice of 3 Cheeses"|"Kunik"|""|"3 reviews 1 photo"
"Amélie"|"ETgJqJHV7BW6pIr9Ox74sA"|"Fromages & charcuteries Cheese plate One Cheese or Choice of 3 Cheeses"|"Roquefort"|""|"5 reviews 2 photos"
"Amélie"|"ETgJqJHV7BW6pIr9Ox74sA"|"Fromages & charcuteries Cheese plate One Cheese or Choice of 3 Cheeses"|"Garrotxa"|""|"2 reviews"
"Amélie"|"ETgJqJHV7BW6pIr9Ox74sA"|"Charcuterie"|"Coppa"|""|"2 reviews 1 photo"
"Amélie"|"ETgJqJHV7BW6pIr9Ox74sA"|"Charcuterie"|"Proscuitto Di Parma"|""|"1 review"
"Amélie"|"ETgJqJHV7BW6pIr9Ox74sA"|"Charcuterie"|"Duck Breast"|""|"18 reviews 5 photos"
"Amélie"|"ETgJqJHV7BW6pIr9Ox74sA"|"Charcuterie"|"Rosette De Lyon"|""|"1 review"
"Amélie"|"ETgJqJHV7BW6pIr9Ox74sA"|"Charcuterie"|"Sopressatta"|""|"2 reviews"
"Amélie"|"ETgJqJHV7BW6pIr9Ox74sA"|"Appetizers"|"Rostini Amuse- Bouches"|""|""
"Amélie"|"ETgJqJHV7BW6pIr9Ox74sA"|"Appetizers"|"Burgundy Escargots Gratinee"|""|"5 reviews 1 photo"
"Amélie"|"ETgJqJHV7BW6pIr9Ox74sA"|"Appetizers"|"Foie Gras Au Torchon with Red Wine Poached Pear"|""|"6 reviews 1 photo"
"Amélie"|"ETgJqJHV7BW6pIr9Ox74sA"|"Appetizers"|"Chicken Liver Mousse Served with Confiture D'oignons"|""|"34 reviews 6 photos"
"Amélie"|"ETgJqJHV7BW6pIr9Ox74sA"|"Appetizers"|"Baked Medjool Dates Stuffed"|""|"3 reviews"
"Amélie"|"ETgJqJHV7BW6pIr9Ox74sA"|"Appetizers"|"Warm Pistachio Crusted Goat Cheese Ball with Honey"|""|"53 reviews 12 photos"
"Amélie"|"ETgJqJHV7BW6pIr9Ox74sA"|"Appetizers"|"Steamed Mussels with Leeks"|""|""
"Amélie"|"ETgJqJHV7BW6pIr9Ox74sA"|"Appetizers"|"Hand Cut Steak Tartare"|""|"6 reviews 1 photo"
"Amélie"|"ETgJqJHV7BW6pIr9Ox74sA"|"Appetizers"|"Salmon Tartare with Cornichon"|""|"8 reviews"
"Amélie"|"ETgJqJHV7BW6pIr9Ox74sA"|"Appetizers"|"Flatbread Topped with Portabella Mushrooms"|""|"3 reviews"
"Amélie"|"ETgJqJHV7BW6pIr9Ox74sA"|"Appetizers"|"Brandade De Morue"|""|"1 review"
"Amélie"|"ETgJqJHV7BW6pIr9Ox74sA"|"Appetizers"|"Soupe Du Jour"|""|""
"Amélie"|"ETgJqJHV7BW6pIr9Ox74sA"|"Salades"|"Seasonal Mix Greens and Cherry Tomatoes with Lemon Dressing"|""|""
"Amélie"|"ETgJqJHV7BW6pIr9Ox74sA"|"Salades"|"Salade Amlie"|""|"1 review"
"Amélie"|"ETgJqJHV7BW6pIr9Ox74sA"|"Salades"|"Roasted Red Beets Salad"|""|"1 review 1 photo"
"Amélie"|"ETgJqJHV7BW6pIr9Ox74sA"|"Salades"|"Smoked salmon and arugula salad"|""|"2 reviews 2 photos"
"Amélie"|"ETgJqJHV7BW6pIr9Ox74sA"|"Salades"|"Frise Salad with Warm Bacon and Shallots"|""|"1 review"
"Amélie"|"ETgJqJHV7BW6pIr9Ox74sA"|"Entrees"|"Whole Brook Trout Pan- Roasted"|""|"3 reviews"
"Amélie"|"ETgJqJHV7BW6pIr9Ox74sA"|"Entrees"|"Gratin De Ravioles Du Royans"|""|"15 reviews 2 photos"
"Amélie"|"ETgJqJHV7BW6pIr9Ox74sA"|"Entrees"|"Roasted Duck Leg Confit"|""|"53 reviews 18 photos"
"Amélie"|"ETgJqJHV7BW6pIr9Ox74sA"|"Entrees"|"Filet Mignon (6oz) Served with Caramelized Cipollini Onions"|""|"1 review"
"Amélie"|"ETgJqJHV7BW6pIr9Ox74sA"|"Entrees"|"Apple Cider Glazed Pork Tenderloin"|""|"2 reviews 2 photos"
"Amélie"|"ETgJqJHV7BW6pIr9Ox74sA"|"Garnitures"|"Pommes frites"|""|"5 reviews 1 photo"
"Amélie"|"ETgJqJHV7BW6pIr9Ox74sA"|"Garnitures"|"Ratatouille"|""|"6 reviews 3 photos"
"Amélie"|"ETgJqJHV7BW6pIr9Ox74sA"|"Garnitures"|"Sauted Spinach"|""|""
"Amélie"|"ETgJqJHV7BW6pIr9Ox74sA"|"Garnitures"|"Haricots verts"|""|"4 reviews"
"Amélie"|"ETgJqJHV7BW6pIr9Ox74sA"|"Dessert"|"Vanilla Bean Crme Brule with Sliced Bananas"|""|""
"Amélie"|"ETgJqJHV7BW6pIr9Ox74sA"|"Dessert"|"Valrhona Chocolate Fondant"|""|"3 reviews"
"BeeHive Oven Biscuit Cafe"|"efnf76l4Tg0UHEtj1lH8hw"|"Starters and Snacks"|"Deviled Eggs"|"3.00 7.00"|"36 reviews 11 photos"
"BeeHive Oven Biscuit Cafe"|"efnf76l4Tg0UHEtj1lH8hw"|"Starters and Snacks"|"Fried Green Tomatoes with Spicy Remoulade"|"7.00"|""
"BeeHive Oven Biscuit Cafe"|"efnf76l4Tg0UHEtj1lH8hw"|"Starters and Snacks"|"Jezebel Wings with Buttermilk Dreesing"|"8.00 15.00"|"18 reviews 8 photos"
"BeeHive Oven Biscuit Cafe"|"efnf76l4Tg0UHEtj1lH8hw"|"Starters and Snacks"|"Roasted vegetable"|"8.00"|""
"BeeHive Oven Biscuit Cafe"|"efnf76l4Tg0UHEtj1lH8hw"|"Starters and Snacks"|"Picnic Platter"|"13.00"|"4 reviews 4 photos"
"BeeHive Oven Biscuit Cafe"|"efnf76l4Tg0UHEtj1lH8hw"|"Soup & Salad Ask your server for dressing options"|"Soup of the Day"|"4.00"|"1 review"
"BeeHive Oven Biscuit Cafe"|"efnf76l4Tg0UHEtj1lH8hw"|"Soup & Salad Ask your server for dressing options"|"Fresh Green Salad"|"7.00"|""
"BeeHive Oven Biscuit Cafe"|"efnf76l4Tg0UHEtj1lH8hw"|"Build Your Own Biscuit Sandwich $3 for the biscuit then add your toppings"|"Chicken Fried Steak"|"4.00"|"35 reviews 15 photos"
"BeeHive Oven Biscuit Cafe"|"efnf76l4Tg0UHEtj1lH8hw"|"Build Your Own Biscuit Sandwich $3 for the biscuit then add your toppings"|"Fried Chicken"|"3.00"|"66 reviews 21 photos"
"BeeHive Oven Biscuit Cafe"|"efnf76l4Tg0UHEtj1lH8hw"|"Build Your Own Biscuit Sandwich $3 for the biscuit then add your toppings"|"Fried Green Tomatoes"|"3.00"|"44 reviews 14 photos"
"BeeHive Oven Biscuit Cafe"|"efnf76l4Tg0UHEtj1lH8hw"|"Build Your Own Biscuit Sandwich $3 for the biscuit then add your toppings"|"Egg"|"2.00"|"86 reviews 36 photos"
"BeeHive Oven Biscuit Cafe"|"efnf76l4Tg0UHEtj1lH8hw"|"Build Your Own Biscuit Sandwich $3 for the biscuit then add your toppings"|"Bacon"|"2.00"|"37 reviews 9 photos"
"BeeHive Oven Biscuit Cafe"|"efnf76l4Tg0UHEtj1lH8hw"|"Build Your Own Biscuit Sandwich $3 for the biscuit then add your toppings"|"Ham"|"2.00"|"2 reviews"
"BeeHive Oven Biscuit Cafe"|"efnf76l4Tg0UHEtj1lH8hw"|"Build Your Own Biscuit Sandwich $3 for the biscuit then add your toppings"|"Sausage Patty"|"2.00"|"1 review"
"BeeHive Oven Biscuit Cafe"|"efnf76l4Tg0UHEtj1lH8hw"|"Build Your Own Biscuit Sandwich $3 for the biscuit then add your toppings"|"Egg Salad"|"2.00"|"1 review 2 photos"
"BeeHive Oven Biscuit Cafe"|"efnf76l4Tg0UHEtj1lH8hw"|"Build Your Own Biscuit Sandwich $3 for the biscuit then add your toppings"|"Sausage Gravy"|"2.00"|"44 reviews 12 photos"
"BeeHive Oven Biscuit Cafe"|"efnf76l4Tg0UHEtj1lH8hw"|"Build Your Own Biscuit Sandwich $3 for the biscuit then add your toppings"|"Mushroom Gravy"|"2.00"|"16 reviews 4 photos"
"BeeHive Oven Biscuit Cafe"|"efnf76l4Tg0UHEtj1lH8hw"|"Build Your Own Biscuit Sandwich $3 for the biscuit then add your toppings"|"Pimento Cheese"|"2.00"|"8 reviews 3 photos"
"BeeHive Oven Biscuit Cafe"|"efnf76l4Tg0UHEtj1lH8hw"|"Build Your Own Biscuit Sandwich $3 for the biscuit then add your toppings"|"Sliced Tomato"|"1.00"|""
"BeeHive Oven Biscuit Cafe"|"efnf76l4Tg0UHEtj1lH8hw"|"Build Your Own Biscuit Sandwich $3 for the biscuit then add your toppings"|"Cheese"|"1.00"|"20 reviews 8 photos"
"BeeHive Oven Biscuit Cafe"|"efnf76l4Tg0UHEtj1lH8hw"|"Build Your Own Biscuit Sandwich $3 for the biscuit then add your toppings"|"Collard Greens"|"1.00"|"20 reviews 4 photos"
"BeeHive Oven Biscuit Cafe"|"efnf76l4Tg0UHEtj1lH8hw"|"Build Your Own Biscuit Sandwich $3 for the biscuit then add your toppings"|"Salad Greens"|"1.00"|"1 review 1 photo"
"BeeHive Oven Biscuit Cafe"|"efnf76l4Tg0UHEtj1lH8hw"|"Build Your Own Biscuit Sandwich $3 for the biscuit then add your toppings"|"Pickled Squash"|"1.00"|"3 reviews"
"BeeHive Oven Biscuit Cafe"|"efnf76l4Tg0UHEtj1lH8hw"|"Build Your Own Biscuit Sandwich $3 for the biscuit then add your toppings"|"Honey Mustard"|""|"3 reviews 1 photo"
"BeeHive Oven Biscuit Cafe"|"efnf76l4Tg0UHEtj1lH8hw"|"Build Your Own Biscuit Sandwich $3 for the biscuit then add your toppings"|"Jezebel Sauce"|""|"9 reviews 1 photo"
"BeeHive Oven Biscuit Cafe"|"efnf76l4Tg0UHEtj1lH8hw"|"Build Your Own Biscuit Sandwich $3 for the biscuit then add your toppings"|"Remoulade"|""|"9 reviews 1 photo"
"BeeHive Oven Biscuit Cafe"|"efnf76l4Tg0UHEtj1lH8hw"|"Build Your Own Biscuit Sandwich $3 for the biscuit then add your toppings"|"Honey"|""|"7 reviews 1 photo"
"BeeHive Oven Biscuit Cafe"|"efnf76l4Tg0UHEtj1lH8hw"|"Build Your Own Biscuit Sandwich $3 for the biscuit then add your toppings"|"Jam"|""|"42 reviews 8 photos"
"BeeHive Oven Biscuit Cafe"|"efnf76l4Tg0UHEtj1lH8hw"|"Beverages"|"Hive-made Prickly Pear Lemonade"|"3.00"|"18 reviews 5 photos"
"BeeHive Oven Biscuit Cafe"|"efnf76l4Tg0UHEtj1lH8hw"|"Beverages"|"Texas Mint Iced Tea, Coffee, Iced Coffee"|"3.00"|""
"BeeHive Oven Biscuit Cafe"|"efnf76l4Tg0UHEtj1lH8hw"|"Beverages"|"Bottled Sodas and Water"|"3.00"|""
"BeeHive Oven Biscuit Cafe"|"efnf76l4Tg0UHEtj1lH8hw"|"Beverages"|"Orange Juice, Grapefruit or Cranberry Juice"|"3.00"|""
"BeeHive Oven Biscuit Cafe"|"efnf76l4Tg0UHEtj1lH8hw"|"Desserts Cakes"|"Chocolate Birthday"|"6.00"|"2 reviews 1 photo"
"BeeHive Oven Biscuit Cafe"|"efnf76l4Tg0UHEtj1lH8hw"|"Desserts Cakes"|"Red Velvet or Hummingbird"|"6.00"|""
"BeeHive Oven Biscuit Cafe"|"efnf76l4Tg0UHEtj1lH8hw"|"Desserts Cakes"|"Fruit Biscuit Pudding"|"6.00"|"7 reviews 3 photos"
"BeeHive Oven Biscuit Cafe"|"efnf76l4Tg0UHEtj1lH8hw"|"Desserts Cakes"|"Cinna Biscuit"|"6.00"|""
"BeeHive Oven Biscuit Cafe"|"efnf76l4Tg0UHEtj1lH8hw"|"Main Courses include one side dish"|"Chicken Fried Steak and Mashed Potatoes"|"18.00"|"1 review 2 photos"
"BeeHive Oven Biscuit Cafe"|"efnf76l4Tg0UHEtj1lH8hw"|"Main Courses include one side dish"|"Shrimp and Grits"|"15.00"|"27 reviews 13 photos"
"BeeHive Oven Biscuit Cafe"|"efnf76l4Tg0UHEtj1lH8hw"|"Main Courses include one side dish"|"Chicken Pot Pie"|"15.00"|"11 reviews 6 photos"
"BeeHive Oven Biscuit Cafe"|"efnf76l4Tg0UHEtj1lH8hw"|"Side Dishes"|"Two Color Grits"|"4.00"|"1 review"
"BeeHive Oven Biscuit Cafe"|"efnf76l4Tg0UHEtj1lH8hw"|"Side Dishes"|"Maque Choux"|"4.00"|"3 reviews"
"BeeHive Oven Biscuit Cafe"|"efnf76l4Tg0UHEtj1lH8hw"|"Side Dishes"|"Fried Okra"|"4.00"|"6 reviews 5 photos"
"BeeHive Oven Biscuit Cafe"|"efnf76l4Tg0UHEtj1lH8hw"|"Side Dishes"|"Collard Greens"|"4.00"|"20 reviews 4 photos"
"BeeHive Oven Biscuit Cafe"|"efnf76l4Tg0UHEtj1lH8hw"|"Side Dishes"|"Mashed Potatoes"|"4.00"|"15 reviews 5 photos"
"BeeHive Oven Biscuit Cafe"|"efnf76l4Tg0UHEtj1lH8hw"|"Side Dishes"|"4 Biscuit Bites with Jam"|"4.00"|"2 reviews 1 photo"
"BeeHive Oven Biscuit Cafe"|"efnf76l4Tg0UHEtj1lH8hw"|"Side Dishes"|"Apple Raisin Slaw"|"4.00"|"5 reviews 1 photo"
"BeeHive Oven Biscuit Cafe"|"efnf76l4Tg0UHEtj1lH8hw"|"Side Dishes"|"Fruit Salad"|"4.00"|"3 reviews 2 photos"
"BeeHive Oven Biscuit Cafe"|"efnf76l4Tg0UHEtj1lH8hw"|"Side Dishes"|"Green Salad"|"4.00"|"2 reviews 1 photo"
"BeeHive Oven Biscuit Cafe"|"efnf76l4Tg0UHEtj1lH8hw"|"Side Dishes"|"Roasted vegetables to share"|"8.00"|""
"BeeHive Oven Biscuit Cafe"|"efnf76l4Tg0UHEtj1lH8hw"|"Grandmother Biscuits includes a side of Apple Raisin Slaw. No Substitutions Please"|"The Charlotte"|""|""
"BeeHive Oven Biscuit Cafe"|"efnf76l4Tg0UHEtj1lH8hw"|"Grandmother Biscuits includes a side of Apple Raisin Slaw. No Substitutions Please"|"The Mary Alice"|""|"1 review 1 photo"
"BeeHive Oven Biscuit Cafe"|"efnf76l4Tg0UHEtj1lH8hw"|"Grandmother Biscuits includes a side of Apple Raisin Slaw. No Substitutions Please"|"The Ruby"|""|""
"BeeHive Oven Biscuit Cafe"|"efnf76l4Tg0UHEtj1lH8hw"|"Grandmother Biscuits includes a side of Apple Raisin Slaw. No Substitutions Please"|"The Moselle"|""|"17 reviews 16 photos"
"BeeHive Oven Biscuit Cafe"|"efnf76l4Tg0UHEtj1lH8hw"|"Grandmother Biscuits includes a side of Apple Raisin Slaw. No Substitutions Please"|"The Nettie"|""|"29 reviews 19 photos"
"BeeHive Oven Biscuit Cafe"|"efnf76l4Tg0UHEtj1lH8hw"|"Grandmother Biscuits includes a side of Apple Raisin Slaw. No Substitutions Please"|"The Sandra"|""|"7 reviews 3 photos"
"Juliana’s Pizza"|"ysqgdbSrezXgVwER2kQWKA"|"Soups & Salads Add warm grilled chicken to any salad $5"|"Patsy's Housemade Soup"|"6.00"|"25 reviews 4 photos"
"Juliana’s Pizza"|"ysqgdbSrezXgVwER2kQWKA"|"Soups & Salads Add warm grilled chicken to any salad $5"|"Arugula"|"9.00 12.00"|"70 reviews 19 photos"
"Juliana’s Pizza"|"ysqgdbSrezXgVwER2kQWKA"|"Soups & Salads Add warm grilled chicken to any salad $5"|"Hearts of Romaine and Caesar"|"10.00 13.00"|"1 review 1 photo"
"Juliana’s Pizza"|"ysqgdbSrezXgVwER2kQWKA"|"Soups & Salads Add warm grilled chicken to any salad $5"|"Baby Spinach"|"11.00 14.00"|"1 review 1 photo"
"Juliana’s Pizza"|"ysqgdbSrezXgVwER2kQWKA"|"From The Oven"|"Margherita pizza"|"16.00 19.00"|"96 reviews 49 photos"
"Juliana’s Pizza"|"ysqgdbSrezXgVwER2kQWKA"|"From The Oven"|"Marinara pizza"|"15.00 18.00"|"4 reviews 2 photos"
"Juliana’s Pizza"|"ysqgdbSrezXgVwER2kQWKA"|"From The Oven"|"White pizza"|"16.00 19.00"|"41 reviews 15 photos"
"Juliana’s Pizza"|"ysqgdbSrezXgVwER2kQWKA"|"From The Oven"|"Calzone"|"17.00 19.00"|"10 reviews 2 photos"
"Juliana’s Pizza"|"ysqgdbSrezXgVwER2kQWKA"|"Classics"|"No. 1"|"27.00 30.00"|"19 reviews 11 photos"
"Juliana’s Pizza"|"ysqgdbSrezXgVwER2kQWKA"|"Classics"|"No. 2"|"26.00 29.00"|"5 reviews 3 photos"
"Juliana’s Pizza"|"ysqgdbSrezXgVwER2kQWKA"|"Classics"|"No. 3"|"21.00 24.00"|"4 reviews 3 photos"
"Juliana’s Pizza"|"ysqgdbSrezXgVwER2kQWKA"|"Classics"|"No. 4"|"26.00 29.00"|"19 reviews 6 photos"
"Juliana’s Pizza"|"ysqgdbSrezXgVwER2kQWKA"|"Classics"|"No. 5"|"29.00 32.00"|"2 reviews 2 photos"
"Juliana’s Pizza"|"ysqgdbSrezXgVwER2kQWKA"|"Pizza Specials"|"Anchovies"|"3.00 4.00"|"10 reviews 7 photos"
"Juliana’s Pizza"|"ysqgdbSrezXgVwER2kQWKA"|"Pizza Specials"|"Arugula"|"5.00"|"70 reviews 19 photos"
"Juliana’s Pizza"|"ysqgdbSrezXgVwER2kQWKA"|"Pizza Specials"|"Capers"|"4.00"|"5 reviews 3 photos"
"Juliana’s Pizza"|"ysqgdbSrezXgVwER2kQWKA"|"Pizza Specials"|"Extra tomato"|"2.00"|""
"Juliana’s Pizza"|"ysqgdbSrezXgVwER2kQWKA"|"Pizza Specials"|"Extra mozzarella"|"2.00"|"3 reviews 1 photo"
"Juliana’s Pizza"|"ysqgdbSrezXgVwER2kQWKA"|"Pizza Specials"|"Bufala mozzarella"|"6.00"|"6 reviews 3 photos"
"Juliana’s Pizza"|"ysqgdbSrezXgVwER2kQWKA"|"Pizza Specials"|"Housemade mozzarella"|"6.00"|"4 reviews 4 photos"
"Juliana’s Pizza"|"ysqgdbSrezXgVwER2kQWKA"|"Pizza Specials"|"Scamorza"|"5.00"|"14 reviews 7 photos"
"Juliana’s Pizza"|"ysqgdbSrezXgVwER2kQWKA"|"Pizza Specials"|"Goat cheese"|"3.00"|"17 reviews 6 photos"
"Juliana’s Pizza"|"ysqgdbSrezXgVwER2kQWKA"|"Pizza Specials"|"Garlic"|"2.00"|"45 reviews 19 photos"
"Juliana’s Pizza"|"ysqgdbSrezXgVwER2kQWKA"|"Pizza Specials"|"Housemade meatballs"|"4.00"|"3 reviews"
"Juliana’s Pizza"|"ysqgdbSrezXgVwER2kQWKA"|"Pizza Specials"|"Olives"|"3.00 2.00"|"13 reviews 7 photos"
"Juliana’s Pizza"|"ysqgdbSrezXgVwER2kQWKA"|"Pizza Specials"|"Mushrooms"|"4.00 2.00"|"22 reviews 15 photos"
"Juliana’s Pizza"|"ysqgdbSrezXgVwER2kQWKA"|"Pizza Specials"|"Pepperoni"|"3.00"|"96 reviews 52 photos"
"Juliana’s Pizza"|"ysqgdbSrezXgVwER2kQWKA"|"Pizza Specials"|"Prosciutto"|"6.00"|"65 reviews 24 photos"
"Juliana’s Pizza"|"ysqgdbSrezXgVwER2kQWKA"|"Pizza Specials"|"Ricotta"|"2.00"|"13 reviews 6 photos"
"Juliana’s Pizza"|"ysqgdbSrezXgVwER2kQWKA"|"Pizza Specials"|"Roasted peppers"|"4.00"|"2 reviews 2 photos"
"Juliana’s Pizza"|"ysqgdbSrezXgVwER2kQWKA"|"Pizza Specials"|"Sausage"|"3.00"|"75 reviews 32 photos"
"Juliana’s Pizza"|"ysqgdbSrezXgVwER2kQWKA"|"Pizza Specials"|"Sweet onion"|"2.00"|"6 reviews 6 photos"
"Juliana’s Pizza"|"ysqgdbSrezXgVwER2kQWKA"|"Specialty Toppings"|"Ice cream"|"4.00 6.00"|"31 reviews 7 photos"
"Juliana’s Pizza"|"ysqgdbSrezXgVwER2kQWKA"|"Specialty Toppings"|"Carol's cannoli"|"6.00"|"1 review 1 photo"
"Juliana’s Pizza"|"ysqgdbSrezXgVwER2kQWKA"|"Specialty Toppings"|"Brookies"|"5.00"|"4 reviews 2 photos"
"Juliana’s Pizza"|"ysqgdbSrezXgVwER2kQWKA"|"Specialty Toppings"|"Brookie Bridge"|"8.00"|"17 reviews 16 photos"
"Juliana’s Pizza"|"ysqgdbSrezXgVwER2kQWKA"|"Specialty Toppings"|"New York Cheesecake"|"6.00"|"4 reviews 3 photos"
"Juliana’s Pizza"|"ysqgdbSrezXgVwER2kQWKA"|"Sweets"|"Manhattan Special Naturally Flavored Soda"|"3.50"|""
"Juliana’s Pizza"|"ysqgdbSrezXgVwER2kQWKA"|"Sweets"|"Coca Cola Company"|"3.00"|""
"Juliana’s Pizza"|"ysqgdbSrezXgVwER2kQWKA"|"Sweets"|"Dasani bottled water"|"2.00"|""
"Juliana’s Pizza"|"ysqgdbSrezXgVwER2kQWKA"|"Sweets"|"San Pellegrino Limonata"|"4.00"|""
"Juliana’s Pizza"|"ysqgdbSrezXgVwER2kQWKA"|"Sweets"|"San Pellegrino Sparkling Water"|"2.00"|""
"Juliana’s Pizza"|"ysqgdbSrezXgVwER2kQWKA"|"Sweets"|"Brooklyn Seltzer Boys"|"8.00"|"1 photo"
"Juliana’s Pizza"|"ysqgdbSrezXgVwER2kQWKA"|"Sweets"|"Mott's Apple Juice"|"1.50"|""
"Juliana’s Pizza"|"ysqgdbSrezXgVwER2kQWKA"|"Soft Drinks"|"Cappuccino"|"3.50"|"3 reviews 1 photo"
"Juliana’s Pizza"|"ysqgdbSrezXgVwER2kQWKA"|"Soft Drinks"|"Espresso"|"2.50"|"8 reviews 2 photos"
"Juliana’s Pizza"|"ysqgdbSrezXgVwER2kQWKA"|"Soft Drinks"|"Mighty Leaf Gourmet Tea"|"2.50"|""
"Juliana’s Pizza"|"ysqgdbSrezXgVwER2kQWKA"|"Soft Drinks"|"Voglianera Italian hot chocolate"|"3.00"|"1 review"
"Juliana’s Pizza"|"ysqgdbSrezXgVwER2kQWKA"|"Soft Drinks"|"Egg Cream"|"3.50"|"7 reviews"
"Juliana’s Pizza"|"ysqgdbSrezXgVwER2kQWKA"|"Bean & Leaf"|"Angry Orchard Crisp Apple Cider Cincinnati, Ohio"|"6.00"|""
"Juliana’s Pizza"|"ysqgdbSrezXgVwER2kQWKA"|"Bean & Leaf"|"Blue Moon Golden, Colorado"|"6.00"|""
"Juliana’s Pizza"|"ysqgdbSrezXgVwER2kQWKA"|"Bean & Leaf"|"Brooklyn Lager Brooklyn, New York"|"6.00"|""
"Juliana’s Pizza"|"ysqgdbSrezXgVwER2kQWKA"|"Bean & Leaf"|"Brooklyn Summer Ale Brooklyn, New York"|"6.00"|""
"Juliana’s Pizza"|"ysqgdbSrezXgVwER2kQWKA"|"Bean & Leaf"|"Peak Organic IPA Portland, Maine"|"6.00"|""
"Juliana’s Pizza"|"ysqgdbSrezXgVwER2kQWKA"|"Bean & Leaf"|"Peroni Italy"|"6.00"|""
"Juliana’s Pizza"|"ysqgdbSrezXgVwER2kQWKA"|"Bean & Leaf"|"Sixpoint Sweet Action Brooklyn, New York"|"6.00"|"2 reviews"
"Juliana’s Pizza"|"ysqgdbSrezXgVwER2kQWKA"|"Bean & Leaf"|"Stella Artois Belgium"|"6.00"|""
"Juliana’s Pizza"|"ysqgdbSrezXgVwER2kQWKA"|"Beer & Hard Cider"|"Bud Light St. Louis, Missouri"|"5.00"|""
"Juliana’s Pizza"|"ysqgdbSrezXgVwER2kQWKA"|"Beer & Hard Cider"|"Corona Extra Mexico"|"5.00"|""
"Juliana’s Pizza"|"ysqgdbSrezXgVwER2kQWKA"|"Beer & Hard Cider"|"Buckler Holland (non-alcoholic)"|"5.00"|""
"Juliana’s Pizza"|"ysqgdbSrezXgVwER2kQWKA"|"On Tap"|"Prosecco Mionetto, Italy mini"|"11.00"|""
"Juliana’s Pizza"|"ysqgdbSrezXgVwER2kQWKA"|"On Tap"|"Ros Domaine Houchart, Ctes de Provence 2013"|"10.00 38.00"|""
"Juliana’s Pizza"|"ysqgdbSrezXgVwER2kQWKA"|"In The Bottle"|"Cabernet Sauvignon Sawbuck, California 2011"|"10.00 38.00"|""
"Juliana’s Pizza"|"ysqgdbSrezXgVwER2kQWKA"|"In The Bottle"|"Chianti Coltibuono Cetamura, Italy 2012"|"11.00 42.00"|""
"Juliana’s Pizza"|"ysqgdbSrezXgVwER2kQWKA"|"In The Bottle"|"Nebbiolo d'Alba Giascoso Fratelli, Italy 2011"|"11.00 42.00"|""
"Juliana’s Pizza"|"ysqgdbSrezXgVwER2kQWKA"|"In The Bottle"|"Pinot Noir Mark West, California 2012"|"10.00 38.00"|""
"Juliana’s Pizza"|"ysqgdbSrezXgVwER2kQWKA"|"Wine"|"Chardonnay Cartlidge & Browne, California 2011"|"10.00 38.00"|""
"Juliana’s Pizza"|"ysqgdbSrezXgVwER2kQWKA"|"Wine"|"Pinot Grigio Mezzacorona, Italy 2012"|"9.00 34.00"|"1 review 1 photo"
"Juliana’s Pizza"|"ysqgdbSrezXgVwER2kQWKA"|"Wine"|"Sauvignon Blanc The Crossings, New Zealand 2013"|"10.00 38.00"|""
"Juliana’s Pizza"|"ysqgdbSrezXgVwER2kQWKA"|"Wine"|"Vermentino La Cala, Sardinia 2011"|"10.00 38.00"|""
"Despaña"|"cUyfnb3E7HvzNfbTgTjl_Q"|"Salads"|"Bonquerones Salad"|"7.75"|""
"Despaña"|"cUyfnb3E7HvzNfbTgTjl_Q"|"Salads"|"Campera Salad"|"7.75"|"1 review 1 photo"
"Despaña"|"cUyfnb3E7HvzNfbTgTjl_Q"|"Salads"|"Fruit Salad"|"7.75"|""
"Despaña"|"cUyfnb3E7HvzNfbTgTjl_Q"|"Salads"|"Marcona Salads"|"7.00"|""
"Despaña"|"cUyfnb3E7HvzNfbTgTjl_Q"|"Salads"|"Manchego Salad"|"7.00"|"1 review"
"Despaña"|"cUyfnb3E7HvzNfbTgTjl_Q"|"Specialty Meats"|"Despana Chorizo/ Chorizo"|""|"2 reviews 1 photo"
"Despaña"|"cUyfnb3E7HvzNfbTgTjl_Q"|"Specialty Meats"|"Cold Nuts/ Embutidos"|""|""
"Despaña"|"cUyfnb3E7HvzNfbTgTjl_Q"|"Specialty Meats"|"Despana Morcilla/ Morcilla"|""|""
"Despaña"|"cUyfnb3E7HvzNfbTgTjl_Q"|"Specialty Meats"|"Serrano Ham/ Jamon Serrano"|""|""
"Despaña"|"cUyfnb3E7HvzNfbTgTjl_Q"|"Specialty Meats"|"Iberico"|""|"27 reviews 2 photos"
"Despaña"|"cUyfnb3E7HvzNfbTgTjl_Q"|"Tapas"|"Marinated Olives"|"6.00"|""
"Despaña"|"cUyfnb3E7HvzNfbTgTjl_Q"|"Tapas"|"Marinated White Anchovies"|"6.25"|"1 review"
"Despaña"|"cUyfnb3E7HvzNfbTgTjl_Q"|"Tapas"|"Chorizo In Cider Sauce"|"7.00"|"1 review"
"Despaña"|"cUyfnb3E7HvzNfbTgTjl_Q"|"Tapas"|"Chorizo Con Castanas"|"7.50"|"5 reviews"
"Despaña"|"cUyfnb3E7HvzNfbTgTjl_Q"|"Tapas"|"Mussels In Pickled Sauce"|"6.00"|""
"Despaña"|"cUyfnb3E7HvzNfbTgTjl_Q"|"Tortillas"|"Tortilla De Dequeso"|"24.00"|""
"Despaña"|"cUyfnb3E7HvzNfbTgTjl_Q"|"Tortillas"|"Tortilla Deserrano"|"24.00"|"1 review"
"Despaña"|"cUyfnb3E7HvzNfbTgTjl_Q"|"Tortillas"|"Tortilla Despana"|"24.00"|"2 reviews 2 photos"
"Despaña"|"cUyfnb3E7HvzNfbTgTjl_Q"|"Tortillas"|"Tortilla Dezucchini"|"24.00"|""
"Despaña"|"cUyfnb3E7HvzNfbTgTjl_Q"|"Tortillas"|"Tortilla Tradicional"|"22.00"|""
"Despaña"|"cUyfnb3E7HvzNfbTgTjl_Q"|"Desserts"|"Homemade Cake Prepared"|"5.75"|""
"Despaña"|"cUyfnb3E7HvzNfbTgTjl_Q"|"Desserts"|"Chocolate Con Churros"|"3.75"|"1 review"
"Despaña"|"cUyfnb3E7HvzNfbTgTjl_Q"|"Desserts"|"Churros"|"3.50"|"8 reviews 2 photos"
"Despaña"|"cUyfnb3E7HvzNfbTgTjl_Q"|"Desserts"|"Traditional Egg And Milk Custard"|"4.25"|""
"Despaña"|"cUyfnb3E7HvzNfbTgTjl_Q"|"Desserts"|"Flourless Almonds Tort"|"4.50"|""
"The Eddy"|"TMzgYJWl-DeKaA3kGcuK8A"|"Main"|"Bacon-Tater Tots"|""|"30 reviews 10 photos"
"The Eddy"|"TMzgYJWl-DeKaA3kGcuK8A"|"Main"|"Salmon Rillette"|"7.00"|"3 reviews"
"The Eddy"|"TMzgYJWl-DeKaA3kGcuK8A"|"Main"|"Beef Tendon Puffs"|"8.00"|"19 reviews 9 photos"
"The Eddy"|"TMzgYJWl-DeKaA3kGcuK8A"|"Main"|"East Coast Oysters"|"12.00"|""
"The Eddy"|"TMzgYJWl-DeKaA3kGcuK8A"|"Main"|"Crudo of Scallop"|"17.00"|"4 reviews 2 photos"
"The Eddy"|"TMzgYJWl-DeKaA3kGcuK8A"|"Main"|"Bibb Lettuce"|"13.00"|"1 review"
"The Eddy"|"TMzgYJWl-DeKaA3kGcuK8A"|"Main"|"Burrata"|"14.00"|"13 reviews 7 photos"
"The Eddy"|"TMzgYJWl-DeKaA3kGcuK8A"|"Main"|"Seared Squid"|"15.00"|"4 reviews 2 photos"
"The Eddy"|"TMzgYJWl-DeKaA3kGcuK8A"|"Main"|"Ricotta Gnocchi"|"14.00 23.00"|"19 reviews 5 photos"
"The Eddy"|"TMzgYJWl-DeKaA3kGcuK8A"|"Main"|"Arctic Char"|"26.00"|"3 reviews 2 photos"
"The Eddy"|"TMzgYJWl-DeKaA3kGcuK8A"|"Main"|"Grass Fed Ribeye"|"32.00"|"2 reviews"
"The Eddy"|"TMzgYJWl-DeKaA3kGcuK8A"|"Main"|"Lamb Loin & Belly"|"27.00"|"7 reviews 3 photos"
"The Eddy"|"TMzgYJWl-DeKaA3kGcuK8A"|"Main"|"Roasted Carrots"|"9.00"|"3 reviews 2 photos"
"The Eddy"|"TMzgYJWl-DeKaA3kGcuK8A"|"Main"|"Roasted Carrots"|"9.00"|"3 reviews 2 photos"
"The Eddy"|"TMzgYJWl-DeKaA3kGcuK8A"|"Main"|"Toasted Olive Oil Cake"|"10.00"|"5 reviews 2 photos"
"The Eddy"|"TMzgYJWl-DeKaA3kGcuK8A"|"Main"|"Cardamom Panna Cotta"|"10.00"|"11 reviews 4 photos"
"The Eddy"|"TMzgYJWl-DeKaA3kGcuK8A"|"Main"|"Chocolate Semifreddo"|"10.00"|"1 review 1 photo"
"Bergen Hill"|"5ZaynmA5KDMQCwJgSQ4N_g"|"Seafood"|"Tuna"|"18.00"|"14 reviews"
"Bergen Hill"|"5ZaynmA5KDMQCwJgSQ4N_g"|"Seafood"|"Scallop"|"24.00"|"12 reviews 2 photos"
"Bergen Hill"|"5ZaynmA5KDMQCwJgSQ4N_g"|"Seafood"|"Black Bass"|"16.00"|"14 reviews 4 photos"
"Bergen Hill"|"5ZaynmA5KDMQCwJgSQ4N_g"|"Seafood"|"Hamachi"|"18.00"|"52 reviews 12 photos"
"Bergen Hill"|"5ZaynmA5KDMQCwJgSQ4N_g"|"Seafood"|"Salmon"|"14.00"|"12 reviews 3 photos"
"Bergen Hill"|"5ZaynmA5KDMQCwJgSQ4N_g"|"Seafood"|"Octopus"|"24.00"|"62 reviews 14 photos"
"Bergen Hill"|"5ZaynmA5KDMQCwJgSQ4N_g"|"Seafood"|"Squid"|"18.00"|"28 reviews 8 photos"
"Bergen Hill"|"5ZaynmA5KDMQCwJgSQ4N_g"|"Toast"|"Cauliflower"|"10.00"|"32 reviews 5 photos"
"Bergen Hill"|"5ZaynmA5KDMQCwJgSQ4N_g"|"Toast"|"Fennel Ganoush"|"10.00"|"1 review"
"Bergen Hill"|"5ZaynmA5KDMQCwJgSQ4N_g"|"Toast"|"Lobster"|"16.00"|"30 reviews 8 photos"
"Bergen Hill"|"5ZaynmA5KDMQCwJgSQ4N_g"|"Toast"|"Burrata Tuna Tapenade"|"16.00"|"2 reviews"
"Bergen Hill"|"5ZaynmA5KDMQCwJgSQ4N_g"|"Vegetables"|"Kale Panzanella"|"12.00"|"5 reviews"
"Bergen Hill"|"5ZaynmA5KDMQCwJgSQ4N_g"|"Vegetables"|"Hen of the Woods"|"12.00"|"37 reviews 9 photos"
"Bergen Hill"|"5ZaynmA5KDMQCwJgSQ4N_g"|"Vegetables"|"Barley Risotto"|"14.00"|"3 reviews 1 photo"
"Bergen Hill"|"5ZaynmA5KDMQCwJgSQ4N_g"|"Dessert"|"Please ask for today's offering"|"8.00"|""
